id;first_name;last_name;id_number;email;phone;addres_line
1;Chelsey;Wyman;California Money Market Account Squares;"5z*@7.=>hG<Z";014-991-5975 x53760;Tennessee relationships Ball
2;Delmer;Goldner;synthesize mobile;"q|@)7`.?=*bi*";(506) 476-9283;protocol
3;Kellie;Smitham;Handmade digital;"c0c5@xic9.i[H0$";917-368-6901;RSS Personal Loan Account
4;Kelvin;Lynch;Court Balboa US Dollar FTP;"(n/S1@KS0W.q7";174.608.2388 x6540;Metrics Dam redefine
5;Brannon;Miller;Centralized Cotton functionalities;"$LxMm@6|TJ1:.n%\2";524-282-9631 x01271;Manat
6;Edyth;Ward;Refined Concrete Chips Buckinghamshire;"6S8ozW@``O.uq`_*m";549.644.9902 x8179;Shirt quantify
7;Alexane;Schultz;unleash Fantastic Wooden Sausages;"efoj2@{|*:.g%t";801.137.7575 x4467;fuchsia
8;Kelley;Boyer;invoice generating;"syTK.@].m";410-806-9747 x624;Graphical User Interface Rhode Island Mandatory
9;Elijah;Lowe;system Web Minnesota;"9G(q4E@n~b.Q|9v";1-756-102-9898 x989;Fantastic Lithuania radical
10;Kyra;Champlin;leading edge Kiribati parse;"`#Q!*@j8x!.~mI";043-065-5294 x42049;Total
