id;first_name;last_name;adress;phone;locality
1;Osvaldo;Dietrich;quantifying orchid;1-448-804-1273;enterprise Borders
2;Magali;Larkin;haptic Lodge Granite;1-513-339-2155 x9786;Licensed Metal deposit
3;Amani;Rowe;schemas Sri Lanka Rupee Analyst;(492) 083-2109;navigating
4;Jennie;Mosciski;navigate;1-437-099-7616 x16426;Idaho Buckinghamshire
5;Cooper;Conroy;Devolved Investment Account;(099) 831-0250 x929;indexing East Caribbean Dollar
6;Lauretta;Lakin;grey Facilitator Forward;319.128.6912;Personal Loan Account heuristic markets
7;Angelita;Ratke;Bacon Vatu Group;513.382.7554 x9105;Tanzania CSS quantifying
8;Valentin;Torphy;virtual Ports Nepal;1-245-783-7962 x648;web services unleash
9;Thurman;Tremblay;index Soft;603-298-0136 x3184;Cove
10;Jovanny;Rau;Parkway Slovakia (Slovak Republic) Grocery;887-413-8595;Bike expedite
